ECOM 3402,1101,khaleel ahmed mohe saleh,120203030,592158134,at iug university,4285-8.jpg
ECOM 2412,101101,raed rami rami zaki,120212030,594563278,opposit of almahata mosque,6607-10.jpg
ECOM 3102,111011,yehya ahmed mousa ryya,120223335,565678134,at aqsa university,45981.jpg
ECOM 2462,11111111,loay esa rami lafi,120237030,564579278,opposit of kalel mosque,4322.jpg
ECOM 3402,00S01,kasem mohyi mosab hosam,120109030,592158624,at phalestine university,5511-1.jpg
ECOM 2412,010111,soud iyad hatem qassas,120112037,594143278,opposit of altaqwa mosque,1932-18.jpg
ECOM 3102,000001,yaser naser jaser aser,120129935,595778134,at israa university,1011-5.jpg
ECOM 2462,1100111,oday joud rami aga,120131430,564535778,opposit of solta mosque,6663-3.jpg
ECOM 3402,110111,tawfiq raed usof awda,120143031,591342158,in down town,3186-13.jpg
ECOM 2412,101111,khamees anwer fares wael,120152033,564563123,beside the court,4030-2.jpg
ECOM 3102,111001,ishaq hosney foaad,120163334,595678124,in the middle,6151.jpg
ECOM 2462,11110001,ali haifa tamer hani,120177035,594579125,at yafa street,3129-7.jpg
ECOM 3402,1111,loay yaser mohamed farah,120019730,566758624,at gaza street,13559-12.jpg
ECOM 2412,110011,saeed kemo rami soltan,120022036,564143278,opposit of almahata school,5511-4.jpg
ECOM 3102,101011,haya hareth emad nezar,220039937,565778134,at yafa school,5511.jpg
ECOM 2462,0011111,wafaa twfeeq usama farra,220041423,594531234,opposit ramadan hosbital,5511-2.jpg
ECOM 3402,1111111,heba ibraheem blsam hashem,220059730,596756624,at rasheed st,11354-6.jpg
ECOM 2412,1101,huda wael nael wadeyya,220062036,594146778,asqoula,2361.jpg
ECOM 3102,001,walaa ali fawzi yahood,220079937,561118134,at al-shefa hosbital,2361-3.jpg
ECOM 2462,0001,alaa alaa naser wafi,220081423,564531234,opposit of madenah market,5511-3.jpg
